-- phpMyAdmin SQL Dump
-- version 5.2.0
-- https://www.phpmyadmin.net/
--
-- Hôte : 127.0.0.1:3306
-- Généré le : ven. 07 avr. 2023 à 14:00
-- Version du serveur : 8.0.31
-- Version de PHP : 8.0.26

SET SQL_MODE = "NO_AUTO_VALUE_ON_ZERO";
START TRANSACTION;
SET time_zone = "+00:00";


/*!40101 SET @OLD_CHARACTER_SET_CLIENT=@@CHARACTER_SET_CLIENT */;
/*!40101 SET @OLD_CHARACTER_SET_RESULTS=@@CHARACTER_SET_RESULTS */;
/*!40101 SET @OLD_COLLATION_CONNECTION=@@COLLATION_CONNECTION */;
/*!40101 SET NAMES utf8mb4 */;

--
-- Base de données : `bog`
--

-- --------------------------------------------------------

--
-- Structure de la table `posts`
--

DROP TABLE IF EXISTS `posts`;
CREATE TABLE IF NOT EXISTS `posts` (
  `id` int NOT NULL AUTO_INCREMENT,
  `content` varchar(50) NOT NULL,
  `user_id` int NOT NULL,
  PRIMARY KEY (`id`),
  KEY `user_id` (`user_id`)
) ENGINE=InnoDB AUTO_INCREMENT=201 DEFAULT CHARSET=utf8mb4 COLLATE=utf8mb4_0900_ai_ci;

--
-- Déchargement des données de la table `posts`
--

INSERT INTO `posts` (`id`, `content`, `user_id`) VALUES
(1, 'Sequi vitae adipisci ad iste molestiae amet dolore', 1),
(2, 'Optio soluta labore perferendis praesentium soluta', 1),
(3, 'Accusantium consequuntur dolorem sapiente esse dol', 1),
(4, 'Est qui sed dolorem velit cumque esse at.', 1),
(5, 'Perspiciatis maxime placeat perferendis velit dign', 1),
(6, 'Non numquam placeat ad quis.', 1),
(7, 'Delectus facilis consequatur non illum eos.', 1),
(8, 'Est quidem qui impedit eos provident veritatis rep', 1),
(9, 'A architecto ratione sequi.', 1),
(10, 'Itaque sunt nemo laudantium laborum voluptatibus l', 1),
(11, 'Animi quasi quis.', 2),
(12, 'Optio cum voluptatem ex dolorum expedita.', 2),
(13, 'Molestiae explicabo praesentium odio.', 2),
(14, 'Eos quia iure asperiores soluta.', 2),
(15, 'Doloremque quas animi.', 2),
(16, 'Tempore deserunt natus placeat illum exercitatione', 2),
(17, 'Quis mollitia eius similique tempora.', 2),
(18, 'Tempore nihil esse fuga praesentium quam.', 2),
(19, 'Maxime accusamus iste accusantium illum facere rei', 2),
(20, 'Deserunt excepturi dolor magni enim eum nihil quae', 2),
(21, 'Nisi suscipit nostrum.', 3),
(22, 'Reiciendis architecto accusantium quibusdam laudan', 3),
(23, 'Beatae dolorum architecto ex neque modi sint ea.', 3),
(24, 'Natus aliquid quisquam.', 3),
(25, 'Ratione ipsum facere voluptas.', 3),
(26, 'Minima aut repudiandae aliquam magnam asperiores.', 3),
(27, 'Alias officiis error.', 3),
(28, 'Eius repudiandae sint incidunt id.', 3),
(29, 'Possimus dolorum id quae.', 3),
(30, 'Aperiam repudiandae explicabo voluptates id illum ', 3),
(31, 'Ab hic vitae reiciendis magni porro error corporis', 4),
(32, 'Provident et quo sit excepturi.', 4),
(33, 'Doloribus ab at.', 4),
(34, 'Sint a beatae vero hic sequi cum cum.', 4),
(35, 'Maiores occaecati architecto pariatur hic ipsa lab', 4),
(36, 'Magni doloremque assumenda dolor sed inventore.', 4),
(37, 'Consectetur exercitationem consequatur voluptas fa', 4),
(38, 'Earum architecto ipsum.', 4),
(39, 'Voluptas repellat nulla.', 4),
(40, 'Assumenda aut molestias dolores ducimus facilis.', 4),
(41, 'Dolores iure labore excepturi corporis aut ut.', 5),
(42, 'Sapiente soluta minima minima at.', 5),
(43, 'Impedit tempora numquam totam explicabo ducimus ev', 5),
(44, 'Magni libero animi nesciunt quaerat reiciendis.', 5),
(45, 'Commodi libero rerum.', 5),
(46, 'Asperiores quae tempora quos.', 5),
(47, 'Velit dolore similique quas vero quae.', 5),
(48, 'Id deserunt libero iusto mollitia.', 5),
(49, 'Autem consequuntur at velit.', 5),
(50, 'Temporibus facilis explicabo odio dolorem molestia', 5),
(51, 'Sunt voluptatibus libero blanditiis perferendis si', 6),
(52, 'Quidem eveniet cumque recusandae.', 6),
(53, 'Nostrum eum reprehenderit.', 6),
(54, 'Rem fugit suscipit consequatur provident illo volu', 6),
(55, 'Molestias esse molestiae adipisci recusandae non o', 6),
(56, 'Architecto nostrum maxime incidunt quos culpa cons', 6),
(57, 'Ex quasi quo tempore dolorum molestiae error.', 6),
(58, 'Voluptatem eius praesentium.', 6),
(59, 'Quasi natus aut illum nihil nam rerum magni fugiat', 6),
(60, 'Harum veritatis ipsum occaecati praesentium quam t', 6),
(61, 'Itaque amet laboriosam maiores sequi voluptatum qu', 7),
(62, 'Voluptate enim neque minus sunt.', 7),
(63, 'Reprehenderit necessitatibus alias veniam deleniti', 7),
(64, 'Officia iusto temporibus sed.', 7),
(65, 'Eveniet aut ipsa minus.', 7),
(66, 'Eligendi minus praesentium molestias at ratione fu', 7),
(67, 'Fuga ducimus magnam.', 7),
(68, 'Itaque eligendi voluptas dolorem non doloremque er', 7),
(69, 'Quisquam natus eligendi quibusdam.', 7),
(70, 'Odio repudiandae expedita voluptatem.', 7),
(71, 'Totam sequi sed dolorem.', 8),
(72, 'Molestiae eos quam.', 8),
(73, 'Eum temporibus voluptas aperiam itaque.', 8),
(74, 'Sed assumenda sed tenetur occaecati aliquid nulla ', 8),
(75, 'Totam quia dignissimos reiciendis eos.', 8),
(76, 'Dolores repellat harum officiis nulla.', 8),
(77, 'Hic sequi sequi porro reprehenderit doloribus.', 8),
(78, 'Accusantium aut odio.', 8),
(79, 'Hic deleniti vitae cum saepe autem quisquam cumque', 8),
(80, 'Ipsa labore nesciunt expedita corporis.', 8),
(81, 'Quod rerum cumque veniam labore.', 9),
(82, 'Iusto officia mollitia voluptatem.', 9),
(83, 'Impedit inventore expedita laudantium voluptates l', 9),
(84, 'Architecto commodi facere eaque voluptatem debitis', 9),
(85, 'Ipsum architecto natus dicta saepe veniam.', 9),
(86, 'Quis aut commodi porro incidunt.', 9),
(87, 'Reiciendis praesentium amet praesentium id corrupt', 9),
(88, 'Amet expedita quas molestias voluptatum veritatis ', 9),
(89, 'Consectetur quis non accusamus excepturi molestiae', 9),
(90, 'Praesentium libero voluptates similique nisi.', 9),
(91, 'Optio reiciendis voluptatem minus neque esse in qu', 10),
(92, 'Quisquam cupiditate fugiat amet quasi quod quibusd', 10),
(93, 'Placeat ipsa earum debitis quo nostrum dolorum err', 10),
(94, 'Labore explicabo neque soluta atque animi officia ', 10),
(95, 'Fugit placeat hic aut ut amet saepe perspiciatis s', 10),
(96, 'Accusamus deleniti iste deserunt quos tempora moll', 10),
(97, 'Labore earum quo vero earum repellendus eveniet ha', 10),
(98, 'Ullam doloremque eaque culpa.', 10),
(99, 'Enim distinctio nisi impedit dolore sit veritatis.', 10),
(100, 'Ad ad dolores nobis beatae sit quaerat.', 10),
(101, 'Porro incidunt numquam provident.', 11),
(102, 'Odio laboriosam quo numquam animi iusto maxime nis', 11),
(103, 'Non quaerat quod nam a dicta tenetur laudantium.', 11),
(104, 'Voluptatum delectus voluptates quisquam iusto haru', 11),
(105, 'Debitis ex laudantium.', 11),
(106, 'Numquam vero magnam illo voluptates esse labore co', 11),
(107, 'Quia magnam sit consequatur porro deleniti.', 11),
(108, 'Ad illum architecto quisquam fugit suscipit.', 11),
(109, 'At impedit inventore molestiae odit.', 11),
(110, 'Blanditiis inventore laborum optio pariatur incidu', 11),
(111, 'Sint distinctio ratione tempora dignissimos repudi', 12),
(112, 'Quae quos inventore magnam blanditiis ratione.', 12),
(113, 'Quasi magnam maiores.', 12),
(114, 'Quos adipisci tempore.', 12),
(115, 'Architecto deleniti possimus delectus placeat iure', 12),
(116, 'Expedita quod illum sit.', 12),
(117, 'Commodi incidunt nam magnam repellat labore provid', 12),
(118, 'Incidunt id est quae accusamus distinctio odio.', 12),
(119, 'Autem eos nesciunt quidem.', 12),
(120, 'Fuga fuga aliquid unde.', 12),
(121, 'Iure sapiente quo deserunt deserunt quis quis.', 13),
(122, 'Illo nostrum adipisci tempore.', 13),
(123, 'Nisi aliquid placeat perspiciatis atque.', 13),
(124, 'Laborum adipisci hic dolores.', 13),
(125, 'Commodi ipsam vel laborum nostrum aliquid error a ', 13),
(126, 'Ullam eius laborum ut possimus fuga.', 13),
(127, 'Accusamus dolorum quaerat officiis ullam aut unde.', 13),
(128, 'Soluta harum repellendus blanditiis sequi laborum ', 13),
(129, 'Fugiat velit consequatur non enim.', 13),
(130, 'Nesciunt sapiente libero ab dolorem magnam commodi', 13),
(131, 'Atque sapiente ad omnis id.', 14),
(132, 'Aliquam debitis veritatis maxime iusto beatae cum ', 14),
(133, 'Est temporibus voluptatibus veritatis.', 14),
(134, 'Tempore modi ratione ipsam aspernatur.', 14),
(135, 'Repellendus eligendi natus.', 14),
(136, 'Ratione corrupti corrupti inventore deserunt illo ', 14),
(137, 'Soluta similique distinctio inventore sed maiores ', 14),
(138, 'Eum maxime libero reiciendis ratione.', 14),
(139, 'Illo similique aliquam.', 14),
(140, 'Ratione deserunt qui hic ut.', 14),
(141, 'Quasi praesentium ipsa.', 15),
(142, 'Sed alias eveniet.', 15),
(143, 'Reiciendis corporis inventore recusandae tempore o', 15),
(144, 'Aspernatur modi reprehenderit culpa nostrum repreh', 15),
(145, 'Eligendi eum natus enim quae dicta itaque.', 15),
(146, 'Explicabo commodi eveniet eaque recusandae assumen', 15),
(147, 'Cupiditate quidem sit velit dicta dolorem.', 15),
(148, 'Dolore dignissimos ex dolorum.', 15),
(149, 'Quibusdam cum cumque error quibusdam qui qui dolor', 15),
(150, 'Ipsam delectus doloribus consectetur facere.', 15),
(151, 'Odio eius dicta.', 16),
(152, 'Nesciunt nulla sint ex iusto quidem at laborum.', 16),
(153, 'Deleniti placeat rerum corrupti maxime optio animi', 16),
(154, 'Nobis sapiente enim.', 16),
(155, 'Alias itaque fugit eveniet maxime dolores dicta ac', 16),
(156, 'Est porro impedit numquam repellendus vel ab dicta', 16),
(157, 'Blanditiis dolorum aut inventore similique.', 16),
(158, 'Nam dicta doloribus officiis voluptatibus ad offic', 16),
(159, 'Non consequatur eius porro quas in.', 16),
(160, 'Quisquam aspernatur voluptatibus sunt.', 16),
(161, 'Laboriosam optio laboriosam omnis dicta minus eaqu', 17),
(162, 'Beatae laborum aliquam praesentium nostrum ea vero', 17),
(163, 'Iste quo nostrum est vel amet dolores dolor.', 17),
(164, 'Consequatur dolores cum corporis unde reprehenderi', 17),
(165, 'Occaecati atque dolores perferendis fugiat facere.', 17),
(166, 'Magni atque iusto.', 17),
(167, 'Rerum quia quibusdam nisi temporibus illo dignissi', 17),
(168, 'Voluptas asperiores quasi ad iste fugit error.', 17),
(169, 'Deleniti voluptates voluptatum quod praesentium di', 17),
(170, 'Dolorem porro perspiciatis commodi distinctio quas', 17),
(171, 'Explicabo quidem rerum numquam deleniti dignissimo', 18),
(172, 'Totam quae quo iure soluta harum nostrum rerum.', 18),
(173, 'Voluptates autem sapiente numquam distinctio culpa', 18),
(174, 'Quis magni molestiae natus ipsum iusto inventore.', 18),
(175, 'Autem suscipit voluptatibus sed.', 18),
(176, 'Harum quasi provident occaecati odio reiciendis vo', 18),
(177, 'Minima officiis assumenda expedita illum rerum per', 18),
(178, 'Maxime voluptates alias eum debitis totam.', 18),
(179, 'Incidunt quam totam veniam minus itaque eligendi a', 18),
(180, 'Nam corporis eos vel eos odit sunt deleniti dolori', 18),
(181, 'Corporis ad iure eos excepturi magni.', 19),
(182, 'Delectus esse vitae a quisquam voluptatibus blandi', 19),
(183, 'Hic facilis eum voluptate tenetur eius molestiae f', 19),
(184, 'Commodi expedita esse suscipit distinctio fugiat q', 19),
(185, 'Mollitia assumenda eum atque.', 19),
(186, 'Eum quisquam asperiores assumenda blanditiis.', 19),
(187, 'Laborum eveniet voluptate eos dicta.', 19),
(188, 'Labore repellat a labore alias nulla.', 19),
(189, 'In id nemo ab eum.', 19),
(190, 'Impedit architecto omnis ex dolorum iure vel.', 19),
(191, 'Nisi odio vel non.', 20),
(192, 'Voluptatibus similique dicta eos nesciunt repudian', 20),
(193, 'Eum dicta dolores velit facere ab unde.', 20),
(194, 'Laboriosam quos harum saepe animi laudantium.', 20),
(195, 'Maiores vel culpa sapiente porro.', 20),
(196, 'Voluptatibus mollitia nihil iure amet.', 20),
(197, 'Suscipit a minus expedita aut voluptatibus debitis', 20),
(198, 'Aliquid quos magni dolor harum necessitatibus nesc', 20),
(199, 'Optio aspernatur nam atque tempora natus quia minu', 20),
(200, 'Maxime assumenda aliquid labore facilis adipisci e', 20);

-- --------------------------------------------------------

--
-- Structure de la table `reactions`
--

DROP TABLE IF EXISTS `reactions`;
CREATE TABLE IF NOT EXISTS `reactions` (
  `user_id` int NOT NULL,
  `post_id` int NOT NULL,
  `type` varchar(50) NOT NULL,
  UNIQUE KEY `user_id` (`user_id`,`post_id`),
  KEY `post_id` (`post_id`)
) ENGINE=InnoDB DEFAULT CHARSET=utf8mb4 COLLATE=utf8mb4_0900_ai_ci;

--
-- Déchargement des données de la table `reactions`
--

INSERT INTO `reactions` (`user_id`, `post_id`, `type`) VALUES
(1, 1, 'like'),
(1, 2, 'like'),
(1, 3, 'like'),
(1, 6, 'like'),
(1, 16, 'like'),
(1, 17, 'like'),
(1, 18, 'like'),
(1, 21, 'like'),
(1, 23, 'like'),
(1, 27, 'like'),
(1, 30, 'like'),
(1, 34, 'like'),
(1, 36, 'like'),
(1, 40, 'like'),
(1, 41, 'like'),
(1, 43, 'like'),
(1, 44, 'like'),
(1, 47, 'like'),
(1, 49, 'like'),
(1, 57, 'like'),
(1, 59, 'like'),
(1, 62, 'like'),
(1, 63, 'like'),
(1, 64, 'like'),
(1, 65, 'like'),
(1, 66, 'like'),
(1, 67, 'like'),
(1, 68, 'like'),
(1, 70, 'like'),
(1, 74, 'like'),
(1, 76, 'like'),
(1, 78, 'like'),
(1, 79, 'like'),
(1, 80, 'like'),
(1, 84, 'like'),
(1, 86, 'like'),
(1, 87, 'like'),
(1, 88, 'like'),
(1, 89, 'like'),
(1, 93, 'like'),
(1, 94, 'like'),
(1, 97, 'like'),
(1, 102, 'like'),
(1, 104, 'like'),
(1, 105, 'like'),
(1, 106, 'like'),
(1, 107, 'like'),
(1, 110, 'like'),
(1, 112, 'like'),
(1, 115, 'like'),
(1, 116, 'like'),
(1, 117, 'like'),
(1, 124, 'like'),
(1, 125, 'like'),
(1, 126, 'like'),
(1, 127, 'like'),
(1, 128, 'like'),
(1, 131, 'like'),
(1, 137, 'like'),
(1, 139, 'like'),
(1, 140, 'like'),
(1, 142, 'like'),
(1, 143, 'like'),
(1, 144, 'like'),
(1, 145, 'like'),
(1, 148, 'like'),
(1, 153, 'like'),
(1, 154, 'like'),
(1, 155, 'like'),
(1, 157, 'like'),
(1, 159, 'like'),
(1, 163, 'like'),
(1, 164, 'like'),
(1, 166, 'like'),
(1, 167, 'like'),
(1, 168, 'like'),
(1, 171, 'like'),
(1, 172, 'like'),
(1, 175, 'like'),
(1, 179, 'like'),
(1, 181, 'like'),
(1, 182, 'like'),
(1, 184, 'like'),
(1, 187, 'like'),
(1, 188, 'like'),
(1, 189, 'like'),
(1, 190, 'like'),
(1, 192, 'like'),
(1, 194, 'like'),
(1, 198, 'like'),
(2, 1, 'like'),
(2, 2, 'like'),
(2, 7, 'like'),
(2, 8, 'like'),
(2, 9, 'like'),
(2, 14, 'like'),
(2, 15, 'like'),
(2, 17, 'like'),
(2, 24, 'like'),
(2, 26, 'like'),
(2, 30, 'like'),
(2, 31, 'like'),
(2, 32, 'like'),
(2, 34, 'like'),
(2, 36, 'like'),
(2, 39, 'like'),
(2, 42, 'like'),
(2, 46, 'like'),
(2, 47, 'like'),
(2, 49, 'like'),
(2, 51, 'like'),
(2, 52, 'like'),
(2, 55, 'like'),
(2, 57, 'like'),
(2, 58, 'like'),
(2, 59, 'like'),
(2, 60, 'like'),
(2, 61, 'like'),
(2, 62, 'like'),
(2, 63, 'like'),
(2, 64, 'like'),
(2, 68, 'like'),
(2, 69, 'like'),
(2, 70, 'like'),
(2, 71, 'like'),
(2, 72, 'like'),
(2, 74, 'like'),
(2, 75, 'like'),
(2, 78, 'like'),
(2, 81, 'like'),
(2, 82, 'like'),
(2, 83, 'like'),
(2, 84, 'like'),
(2, 85, 'like'),
(2, 88, 'like'),
(2, 92, 'like'),
(2, 93, 'like'),
(2, 94, 'like'),
(2, 95, 'like'),
(2, 96, 'like'),
(2, 102, 'like'),
(2, 109, 'like'),
(2, 113, 'like'),
(2, 117, 'like'),
(2, 120, 'like'),
(2, 121, 'like'),
(2, 122, 'like'),
(2, 125, 'like'),
(2, 127, 'like'),
(2, 128, 'like'),
(2, 131, 'like'),
(2, 134, 'like'),
(2, 135, 'like'),
(2, 136, 'like'),
(2, 138, 'like'),
(2, 139, 'like'),
(2, 140, 'like'),
(2, 141, 'like'),
(2, 142, 'like'),
(2, 144, 'like'),
(2, 147, 'like'),
(2, 148, 'like'),
(2, 149, 'like'),
(2, 150, 'like'),
(2, 151, 'like'),
(2, 152, 'like'),
(2, 156, 'like'),
(2, 161, 'like'),
(2, 162, 'like'),
(2, 163, 'like'),
(2, 164, 'like'),
(2, 166, 'like'),
(2, 171, 'like'),
(2, 176, 'like'),
(2, 177, 'like'),
(2, 180, 'like'),
(2, 181, 'like'),
(2, 182, 'like'),
(2, 184, 'like'),
(2, 185, 'like'),
(2, 186, 'like'),
(2, 187, 'like'),
(2, 189, 'like'),
(2, 191, 'like'),
(2, 192, 'like'),
(2, 194, 'like'),
(2, 197, 'like'),
(2, 200, 'like'),
(3, 3, 'like'),
(3, 4, 'like'),
(3, 5, 'like'),
(3, 6, 'like'),
(3, 8, 'like'),
(3, 9, 'like'),
(3, 10, 'like'),
(3, 11, 'like'),
(3, 12, 'like'),
(3, 13, 'like'),
(3, 16, 'like'),
(3, 19, 'like'),
(3, 22, 'like'),
(3, 23, 'like'),
(3, 25, 'like'),
(3, 26, 'like'),
(3, 28, 'like'),
(3, 29, 'like'),
(3, 31, 'like'),
(3, 34, 'like'),
(3, 35, 'like'),
(3, 36, 'like'),
(3, 37, 'like'),
(3, 39, 'like'),
(3, 40, 'like'),
(3, 41, 'like'),
(3, 42, 'like'),
(3, 44, 'like'),
(3, 45, 'like'),
(3, 48, 'like'),
(3, 49, 'like'),
(3, 50, 'like'),
(3, 51, 'like'),
(3, 52, 'like'),
(3, 53, 'like'),
(3, 55, 'like'),
(3, 56, 'like'),
(3, 59, 'like'),
(3, 61, 'like'),
(3, 63, 'like'),
(3, 64, 'like'),
(3, 65, 'like'),
(3, 66, 'like'),
(3, 70, 'like'),
(3, 72, 'like'),
(3, 73, 'like'),
(3, 74, 'like'),
(3, 75, 'like'),
(3, 78, 'like'),
(3, 79, 'like'),
(3, 81, 'like'),
(3, 85, 'like'),
(3, 88, 'like'),
(3, 89, 'like'),
(3, 91, 'like'),
(3, 92, 'like'),
(3, 96, 'like'),
(3, 97, 'like'),
(3, 98, 'like'),
(3, 99, 'like'),
(3, 100, 'like'),
(3, 102, 'like'),
(3, 103, 'like'),
(3, 104, 'like'),
(3, 107, 'like'),
(3, 108, 'like'),
(3, 109, 'like'),
(3, 110, 'like'),
(3, 113, 'like'),
(3, 115, 'like'),
(3, 117, 'like'),
(3, 118, 'like'),
(3, 120, 'like'),
(3, 122, 'like'),
(3, 123, 'like'),
(3, 127, 'like'),
(3, 130, 'like'),
(3, 132, 'like'),
(3, 133, 'like'),
(3, 134, 'like'),
(3, 135, 'like'),
(3, 138, 'like'),
(3, 140, 'like'),
(3, 141, 'like'),
(3, 143, 'like'),
(3, 145, 'like'),
(3, 150, 'like'),
(3, 151, 'like'),
(3, 152, 'like'),
(3, 153, 'like'),
(3, 154, 'like'),
(3, 156, 'like'),
(3, 159, 'like'),
(3, 160, 'like'),
(3, 161, 'like'),
(3, 162, 'like'),
(3, 164, 'like'),
(3, 165, 'like'),
(3, 167, 'like'),
(3, 169, 'like'),
(3, 170, 'like'),
(3, 172, 'like'),
(3, 173, 'like'),
(3, 178, 'like'),
(3, 181, 'like'),
(3, 182, 'like'),
(3, 183, 'like'),
(3, 184, 'like'),
(3, 185, 'like'),
(3, 188, 'like'),
(3, 189, 'like'),
(3, 191, 'like'),
(3, 192, 'like'),
(3, 193, 'like'),
(3, 198, 'like'),
(3, 199, 'like'),
(3, 200, 'like'),
(4, 1, 'like'),
(4, 2, 'like'),
(4, 3, 'like'),
(4, 7, 'like'),
(4, 8, 'like'),
(4, 9, 'like'),
(4, 10, 'like'),
(4, 11, 'like'),
(4, 13, 'like'),
(4, 19, 'like'),
(4, 20, 'like'),
(4, 21, 'like'),
(4, 23, 'like'),
(4, 24, 'like'),
(4, 26, 'like'),
(4, 27, 'like'),
(4, 28, 'like'),
(4, 29, 'like'),
(4, 31, 'like'),
(4, 33, 'like'),
(4, 35, 'like'),
(4, 37, 'like'),
(4, 39, 'like'),
(4, 41, 'like'),
(4, 42, 'like'),
(4, 43, 'like'),
(4, 44, 'like'),
(4, 45, 'like'),
(4, 49, 'like'),
(4, 51, 'like'),
(4, 52, 'like'),
(4, 56, 'like'),
(4, 60, 'like'),
(4, 62, 'like'),
(4, 64, 'like'),
(4, 65, 'like'),
(4, 67, 'like'),
(4, 73, 'like'),
(4, 76, 'like'),
(4, 77, 'like'),
(4, 80, 'like'),
(4, 81, 'like'),
(4, 83, 'like'),
(4, 84, 'like'),
(4, 85, 'like'),
(4, 86, 'like'),
(4, 88, 'like'),
(4, 90, 'like'),
(4, 93, 'like'),
(4, 95, 'like'),
(4, 96, 'like'),
(4, 97, 'like'),
(4, 100, 'like'),
(4, 101, 'like'),
(4, 102, 'like'),
(4, 104, 'like'),
(4, 106, 'like'),
(4, 107, 'like'),
(4, 111, 'like'),
(4, 116, 'like'),
(4, 121, 'like'),
(4, 122, 'like'),
(4, 124, 'like'),
(4, 125, 'like'),
(4, 127, 'like'),
(4, 128, 'like'),
(4, 136, 'like'),
(4, 139, 'like'),
(4, 141, 'like'),
(4, 143, 'like'),
(4, 144, 'like'),
(4, 145, 'like'),
(4, 146, 'like'),
(4, 148, 'like'),
(4, 149, 'like'),
(4, 151, 'like'),
(4, 152, 'like'),
(4, 153, 'like'),
(4, 157, 'like'),
(4, 158, 'like'),
(4, 164, 'like'),
(4, 168, 'like'),
(4, 169, 'like'),
(4, 170, 'like'),
(4, 171, 'like'),
(4, 172, 'like'),
(4, 173, 'like'),
(4, 176, 'like'),
(4, 177, 'like'),
(4, 179, 'like'),
(4, 181, 'like'),
(4, 182, 'like'),
(4, 187, 'like'),
(4, 189, 'like'),
(4, 191, 'like'),
(4, 195, 'like'),
(4, 196, 'like'),
(4, 199, 'like'),
(4, 200, 'like'),
(5, 1, 'like'),
(5, 2, 'like'),
(5, 3, 'like'),
(5, 4, 'like'),
(5, 5, 'like'),
(5, 6, 'like'),
(5, 9, 'like'),
(5, 11, 'like'),
(5, 12, 'like'),
(5, 14, 'like'),
(5, 15, 'like'),
(5, 16, 'like'),
(5, 18, 'like'),
(5, 19, 'like'),
(5, 22, 'like'),
(5, 25, 'like'),
(5, 27, 'like'),
(5, 28, 'like'),
(5, 32, 'like'),
(5, 34, 'like'),
(5, 35, 'like'),
(5, 36, 'like'),
(5, 37, 'like'),
(5, 38, 'like'),
(5, 40, 'like'),
(5, 41, 'like'),
(5, 42, 'like'),
(5, 47, 'like'),
(5, 48, 'like'),
(5, 49, 'like'),
(5, 51, 'like'),
(5, 53, 'like'),
(5, 57, 'like'),
(5, 58, 'like'),
(5, 59, 'like'),
(5, 60, 'like'),
(5, 61, 'like'),
(5, 63, 'like'),
(5, 65, 'like'),
(5, 68, 'like'),
(5, 70, 'like'),
(5, 72, 'like'),
(5, 73, 'like'),
(5, 74, 'like'),
(5, 76, 'like'),
(5, 77, 'like'),
(5, 82, 'like'),
(5, 83, 'like'),
(5, 84, 'like'),
(5, 85, 'like'),
(5, 87, 'like'),
(5, 89, 'like'),
(5, 90, 'like'),
(5, 91, 'like'),
(5, 93, 'like'),
(5, 95, 'like'),
(5, 99, 'like'),
(5, 100, 'like'),
(5, 101, 'like'),
(5, 102, 'like'),
(5, 103, 'like'),
(5, 104, 'like'),
(5, 105, 'like'),
(5, 106, 'like'),
(5, 107, 'like'),
(5, 109, 'like'),
(5, 110, 'like'),
(5, 111, 'like'),
(5, 112, 'like'),
(5, 113, 'like'),
(5, 114, 'like'),
(5, 117, 'like'),
(5, 118, 'like'),
(5, 121, 'like'),
(5, 124, 'like'),
(5, 125, 'like'),
(5, 126, 'like'),
(5, 129, 'like'),
(5, 130, 'like'),
(5, 132, 'like'),
(5, 133, 'like'),
(5, 134, 'like'),
(5, 136, 'like'),
(5, 137, 'like'),
(5, 139, 'like'),
(5, 140, 'like'),
(5, 146, 'like'),
(5, 147, 'like'),
(5, 148, 'like'),
(5, 149, 'like'),
(5, 151, 'like'),
(5, 152, 'like'),
(5, 153, 'like'),
(5, 155, 'like'),
(5, 156, 'like'),
(5, 157, 'like'),
(5, 158, 'like'),
(5, 160, 'like'),
(5, 161, 'like'),
(5, 165, 'like'),
(5, 169, 'like'),
(5, 172, 'like'),
(5, 173, 'like'),
(5, 174, 'like'),
(5, 175, 'like'),
(5, 178, 'like'),
(5, 179, 'like'),
(5, 182, 'like'),
(5, 183, 'like'),
(5, 184, 'like'),
(5, 188, 'like'),
(5, 192, 'like'),
(5, 193, 'like'),
(5, 195, 'like'),
(5, 196, 'like'),
(5, 200, 'like'),
(6, 1, 'like'),
(6, 2, 'like'),
(6, 4, 'like'),
(6, 5, 'like'),
(6, 6, 'like'),
(6, 10, 'like'),
(6, 11, 'like'),
(6, 13, 'like'),
(6, 16, 'like'),
(6, 24, 'like'),
(6, 26, 'like'),
(6, 27, 'like'),
(6, 28, 'like'),
(6, 29, 'like'),
(6, 31, 'like'),
(6, 33, 'like'),
(6, 34, 'like'),
(6, 36, 'like'),
(6, 38, 'like'),
(6, 40, 'like'),
(6, 41, 'like'),
(6, 43, 'like'),
(6, 44, 'like'),
(6, 48, 'like'),
(6, 50, 'like'),
(6, 51, 'like'),
(6, 53, 'like'),
(6, 57, 'like'),
(6, 60, 'like'),
(6, 65, 'like'),
(6, 66, 'like'),
(6, 67, 'like'),
(6, 69, 'like'),
(6, 70, 'like'),
(6, 71, 'like'),
(6, 74, 'like'),
(6, 75, 'like'),
(6, 76, 'like'),
(6, 77, 'like'),
(6, 84, 'like'),
(6, 85, 'like'),
(6, 86, 'like'),
(6, 88, 'like'),
(6, 89, 'like'),
(6, 91, 'like'),
(6, 93, 'like'),
(6, 94, 'like'),
(6, 97, 'like'),
(6, 98, 'like'),
(6, 99, 'like'),
(6, 100, 'like'),
(6, 101, 'like'),
(6, 102, 'like'),
(6, 103, 'like'),
(6, 108, 'like'),
(6, 110, 'like'),
(6, 112, 'like'),
(6, 114, 'like'),
(6, 115, 'like'),
(6, 118, 'like'),
(6, 119, 'like'),
(6, 120, 'like'),
(6, 121, 'like'),
(6, 123, 'like'),
(6, 124, 'like'),
(6, 125, 'like'),
(6, 128, 'like'),
(6, 129, 'like'),
(6, 131, 'like'),
(6, 134, 'like'),
(6, 136, 'like'),
(6, 140, 'like'),
(6, 142, 'like'),
(6, 143, 'like'),
(6, 156, 'like'),
(6, 157, 'like'),
(6, 159, 'like'),
(6, 161, 'like'),
(6, 164, 'like'),
(6, 165, 'like'),
(6, 168, 'like'),
(6, 169, 'like'),
(6, 171, 'like'),
(6, 172, 'like'),
(6, 173, 'like'),
(6, 177, 'like'),
(6, 180, 'like'),
(6, 182, 'like'),
(6, 183, 'like'),
(6, 184, 'like'),
(6, 185, 'like'),
(6, 187, 'like'),
(6, 188, 'like'),
(6, 192, 'like'),
(6, 194, 'like'),
(6, 199, 'like'),
(7, 2, 'like'),
(7, 3, 'like'),
(7, 4, 'like'),
(7, 8, 'like'),
(7, 9, 'like'),
(7, 10, 'like'),
(7, 11, 'like'),
(7, 13, 'like'),
(7, 14, 'like'),
(7, 15, 'like'),
(7, 16, 'like'),
(7, 17, 'like'),
(7, 20, 'like'),
(7, 21, 'like'),
(7, 22, 'like'),
(7, 26, 'like'),
(7, 27, 'like'),
(7, 29, 'like'),
(7, 31, 'like'),
(7, 33, 'like'),
(7, 34, 'like'),
(7, 36, 'like'),
(7, 38, 'like'),
(7, 39, 'like'),
(7, 42, 'like'),
(7, 43, 'like'),
(7, 46, 'like'),
(7, 47, 'like'),
(7, 50, 'like'),
(7, 54, 'like'),
(7, 55, 'like'),
(7, 56, 'like'),
(7, 57, 'like'),
(7, 60, 'like'),
(7, 65, 'like'),
(7, 69, 'like'),
(7, 72, 'like'),
(7, 73, 'like'),
(7, 77, 'like'),
(7, 78, 'like'),
(7, 79, 'like'),
(7, 81, 'like'),
(7, 83, 'like'),
(7, 85, 'like'),
(7, 86, 'like'),
(7, 87, 'like'),
(7, 90, 'like'),
(7, 95, 'like'),
(7, 96, 'like'),
(7, 97, 'like'),
(7, 98, 'like'),
(7, 99, 'like'),
(7, 100, 'like'),
(7, 104, 'like'),
(7, 105, 'like'),
(7, 106, 'like'),
(7, 108, 'like'),
(7, 109, 'like'),
(7, 113, 'like'),
(7, 114, 'like'),
(7, 115, 'like'),
(7, 116, 'like'),
(7, 121, 'like'),
(7, 123, 'like'),
(7, 124, 'like'),
(7, 125, 'like'),
(7, 126, 'like'),
(7, 127, 'like'),
(7, 129, 'like'),
(7, 130, 'like'),
(7, 134, 'like'),
(7, 136, 'like'),
(7, 137, 'like'),
(7, 138, 'like'),
(7, 140, 'like'),
(7, 141, 'like'),
(7, 142, 'like'),
(7, 143, 'like'),
(7, 144, 'like'),
(7, 145, 'like'),
(7, 147, 'like'),
(7, 148, 'like'),
(7, 149, 'like'),
(7, 152, 'like'),
(7, 153, 'like'),
(7, 155, 'like'),
(7, 158, 'like'),
(7, 159, 'like'),
(7, 160, 'like'),
(7, 161, 'like'),
(7, 163, 'like'),
(7, 166, 'like'),
(7, 167, 'like'),
(7, 172, 'like'),
(7, 173, 'like'),
(7, 175, 'like'),
(7, 176, 'like'),
(7, 180, 'like'),
(7, 181, 'like'),
(7, 183, 'like'),
(7, 184, 'like'),
(7, 185, 'like'),
(7, 186, 'like'),
(7, 188, 'like'),
(7, 190, 'like'),
(7, 191, 'like'),
(7, 194, 'like'),
(7, 198, 'like'),
(8, 3, 'like'),
(8, 4, 'like'),
(8, 7, 'like'),
(8, 10, 'like'),
(8, 11, 'like'),
(8, 16, 'like'),
(8, 17, 'like'),
(8, 18, 'like'),
(8, 20, 'like'),
(8, 21, 'like'),
(8, 23, 'like'),
(8, 25, 'like'),
(8, 26, 'like'),
(8, 30, 'like'),
(8, 32, 'like'),
(8, 35, 'like'),
(8, 38, 'like'),
(8, 39, 'like'),
(8, 41, 'like'),
(8, 44, 'like'),
(8, 45, 'like'),
(8, 46, 'like'),
(8, 47, 'like'),
(8, 54, 'like'),
(8, 57, 'like'),
(8, 59, 'like'),
(8, 63, 'like'),
(8, 64, 'like'),
(8, 66, 'like'),
(8, 67, 'like'),
(8, 68, 'like'),
(8, 70, 'like'),
(8, 71, 'like'),
(8, 73, 'like'),
(8, 75, 'like'),
(8, 76, 'like'),
(8, 79, 'like'),
(8, 84, 'like'),
(8, 92, 'like'),
(8, 94, 'like'),
(8, 97, 'like'),
(8, 98, 'like'),
(8, 99, 'like'),
(8, 100, 'like'),
(8, 102, 'like'),
(8, 103, 'like'),
(8, 106, 'like'),
(8, 107, 'like'),
(8, 108, 'like'),
(8, 110, 'like'),
(8, 111, 'like'),
(8, 112, 'like'),
(8, 113, 'like'),
(8, 117, 'like'),
(8, 118, 'like'),
(8, 119, 'like'),
(8, 120, 'like'),
(8, 121, 'like'),
(8, 124, 'like'),
(8, 125, 'like'),
(8, 126, 'like'),
(8, 128, 'like'),
(8, 129, 'like'),
(8, 130, 'like'),
(8, 132, 'like'),
(8, 133, 'like'),
(8, 134, 'like'),
(8, 135, 'like'),
(8, 138, 'like'),
(8, 139, 'like'),
(8, 140, 'like'),
(8, 141, 'like'),
(8, 142, 'like'),
(8, 144, 'like'),
(8, 146, 'like'),
(8, 152, 'like'),
(8, 154, 'like'),
(8, 155, 'like'),
(8, 158, 'like'),
(8, 160, 'like'),
(8, 161, 'like'),
(8, 162, 'like'),
(8, 165, 'like'),
(8, 166, 'like'),
(8, 168, 'like'),
(8, 169, 'like'),
(8, 171, 'like'),
(8, 172, 'like'),
(8, 176, 'like'),
(8, 178, 'like'),
(8, 179, 'like'),
(8, 186, 'like'),
(8, 187, 'like'),
(8, 188, 'like'),
(8, 189, 'like'),
(8, 190, 'like'),
(8, 191, 'like'),
(8, 196, 'like'),
(8, 197, 'like'),
(8, 199, 'like'),
(9, 1, 'like'),
(9, 5, 'like'),
(9, 6, 'like'),
(9, 7, 'like'),
(9, 8, 'like'),
(9, 11, 'like'),
(9, 12, 'like'),
(9, 15, 'like'),
(9, 17, 'like'),
(9, 18, 'like'),
(9, 22, 'like'),
(9, 25, 'like'),
(9, 26, 'like'),
(9, 28, 'like'),
(9, 29, 'like'),
(9, 31, 'like'),
(9, 32, 'like'),
(9, 33, 'like'),
(9, 35, 'like'),
(9, 37, 'like'),
(9, 38, 'like'),
(9, 39, 'like'),
(9, 41, 'like'),
(9, 42, 'like'),
(9, 43, 'like'),
(9, 45, 'like'),
(9, 46, 'like'),
(9, 47, 'like'),
(9, 48, 'like'),
(9, 49, 'like'),
(9, 50, 'like'),
(9, 51, 'like'),
(9, 53, 'like'),
(9, 54, 'like'),
(9, 55, 'like'),
(9, 56, 'like'),
(9, 59, 'like'),
(9, 60, 'like'),
(9, 62, 'like'),
(9, 64, 'like'),
(9, 66, 'like'),
(9, 69, 'like'),
(9, 70, 'like'),
(9, 71, 'like'),
(9, 72, 'like'),
(9, 77, 'like'),
(9, 79, 'like'),
(9, 81, 'like'),
(9, 82, 'like'),
(9, 83, 'like'),
(9, 91, 'like'),
(9, 93, 'like'),
(9, 95, 'like'),
(9, 98, 'like'),
(9, 99, 'like'),
(9, 100, 'like'),
(9, 101, 'like'),
(9, 102, 'like'),
(9, 105, 'like'),
(9, 106, 'like'),
(9, 109, 'like'),
(9, 111, 'like'),
(9, 114, 'like'),
(9, 115, 'like'),
(9, 117, 'like'),
(9, 118, 'like'),
(9, 122, 'like'),
(9, 123, 'like'),
(9, 125, 'like'),
(9, 126, 'like'),
(9, 129, 'like'),
(9, 130, 'like'),
(9, 131, 'like'),
(9, 133, 'like'),
(9, 135, 'like'),
(9, 143, 'like'),
(9, 144, 'like'),
(9, 145, 'like'),
(9, 146, 'like'),
(9, 147, 'like'),
(9, 148, 'like'),
(9, 151, 'like'),
(9, 154, 'like'),
(9, 155, 'like'),
(9, 158, 'like'),
(9, 159, 'like'),
(9, 160, 'like'),
(9, 162, 'like'),
(9, 165, 'like'),
(9, 166, 'like'),
(9, 167, 'like'),
(9, 168, 'like'),
(9, 170, 'like'),
(9, 173, 'like'),
(9, 176, 'like'),
(9, 177, 'like'),
(9, 179, 'like'),
(9, 181, 'like'),
(9, 185, 'like'),
(9, 187, 'like'),
(9, 189, 'like'),
(9, 193, 'like'),
(9, 194, 'like'),
(9, 195, 'like'),
(9, 196, 'like'),
(9, 197, 'like'),
(9, 199, 'like'),
(9, 200, 'like'),
(10, 1, 'like'),
(10, 5, 'like'),
(10, 8, 'like'),
(10, 19, 'like'),
(10, 20, 'like'),
(10, 23, 'like'),
(10, 27, 'like'),
(10, 28, 'like'),
(10, 32, 'like'),
(10, 33, 'like'),
(10, 35, 'like'),
(10, 38, 'like'),
(10, 39, 'like'),
(10, 45, 'like'),
(10, 48, 'like'),
(10, 49, 'like'),
(10, 50, 'like'),
(10, 52, 'like'),
(10, 54, 'like'),
(10, 55, 'like'),
(10, 57, 'like'),
(10, 58, 'like'),
(10, 59, 'like'),
(10, 60, 'like'),
(10, 61, 'like'),
(10, 68, 'like'),
(10, 69, 'like'),
(10, 71, 'like'),
(10, 73, 'like'),
(10, 74, 'like'),
(10, 78, 'like'),
(10, 80, 'like'),
(10, 82, 'like'),
(10, 86, 'like'),
(10, 87, 'like'),
(10, 88, 'like'),
(10, 89, 'like'),
(10, 90, 'like'),
(10, 92, 'like'),
(10, 94, 'like'),
(10, 95, 'like'),
(10, 97, 'like'),
(10, 98, 'like'),
(10, 101, 'like'),
(10, 105, 'like'),
(10, 107, 'like'),
(10, 109, 'like'),
(10, 116, 'like'),
(10, 119, 'like'),
(10, 121, 'like'),
(10, 122, 'like'),
(10, 123, 'like'),
(10, 126, 'like'),
(10, 127, 'like'),
(10, 128, 'like'),
(10, 130, 'like'),
(10, 131, 'like'),
(10, 132, 'like'),
(10, 133, 'like'),
(10, 136, 'like'),
(10, 139, 'like'),
(10, 140, 'like'),
(10, 142, 'like'),
(10, 143, 'like'),
(10, 145, 'like'),
(10, 149, 'like'),
(10, 154, 'like'),
(10, 156, 'like'),
(10, 158, 'like'),
(10, 161, 'like'),
(10, 162, 'like'),
(10, 163, 'like'),
(10, 164, 'like'),
(10, 169, 'like'),
(10, 170, 'like'),
(10, 177, 'like'),
(10, 178, 'like'),
(10, 179, 'like'),
(10, 180, 'like'),
(10, 181, 'like'),
(10, 183, 'like'),
(10, 187, 'like'),
(10, 190, 'like'),
(10, 197, 'like'),
(10, 199, 'like'),
(11, 2, 'like'),
(11, 3, 'like'),
(11, 4, 'like'),
(11, 7, 'like'),
(11, 9, 'like'),
(11, 11, 'like'),
(11, 14, 'like'),
(11, 17, 'like'),
(11, 20, 'like'),
(11, 23, 'like'),
(11, 24, 'like'),
(11, 25, 'like'),
(11, 27, 'like'),
(11, 28, 'like'),
(11, 29, 'like'),
(11, 32, 'like'),
(11, 33, 'like'),
(11, 35, 'like'),
(11, 38, 'like'),
(11, 41, 'like'),
(11, 43, 'like'),
(11, 44, 'like'),
(11, 47, 'like'),
(11, 48, 'like'),
(11, 49, 'like'),
(11, 50, 'like'),
(11, 53, 'like'),
(11, 54, 'like'),
(11, 57, 'like'),
(11, 58, 'like'),
(11, 62, 'like'),
(11, 63, 'like'),
(11, 64, 'like'),
(11, 65, 'like'),
(11, 69, 'like'),
(11, 71, 'like'),
(11, 73, 'like'),
(11, 75, 'like'),
(11, 77, 'like'),
(11, 78, 'like'),
(11, 79, 'like'),
(11, 80, 'like'),
(11, 81, 'like'),
(11, 83, 'like'),
(11, 89, 'like'),
(11, 90, 'like'),
(11, 92, 'like'),
(11, 96, 'like'),
(11, 97, 'like'),
(11, 102, 'like'),
(11, 105, 'like'),
(11, 108, 'like'),
(11, 110, 'like'),
(11, 114, 'like'),
(11, 115, 'like'),
(11, 117, 'like'),
(11, 119, 'like'),
(11, 120, 'like'),
(11, 121, 'like'),
(11, 123, 'like'),
(11, 124, 'like'),
(11, 127, 'like'),
(11, 128, 'like'),
(11, 131, 'like'),
(11, 132, 'like'),
(11, 133, 'like'),
(11, 134, 'like'),
(11, 137, 'like'),
(11, 138, 'like'),
(11, 145, 'like'),
(11, 146, 'like'),
(11, 147, 'like'),
(11, 150, 'like'),
(11, 151, 'like'),
(11, 153, 'like'),
(11, 154, 'like'),
(11, 155, 'like'),
(11, 156, 'like'),
(11, 158, 'like'),
(11, 160, 'like'),
(11, 164, 'like'),
(11, 166, 'like'),
(11, 167, 'like'),
(11, 169, 'like'),
(11, 174, 'like'),
(11, 176, 'like'),
(11, 177, 'like'),
(11, 179, 'like'),
(11, 180, 'like'),
(11, 186, 'like'),
(11, 191, 'like'),
(11, 192, 'like'),
(11, 193, 'like'),
(11, 194, 'like'),
(11, 195, 'like'),
(11, 197, 'like'),
(11, 198, 'like'),
(11, 199, 'like'),
(11, 200, 'like'),
(12, 1, 'like'),
(12, 4, 'like'),
(12, 5, 'like'),
(12, 7, 'like'),
(12, 8, 'like'),
(12, 9, 'like'),
(12, 10, 'like'),
(12, 12, 'like'),
(12, 13, 'like'),
(12, 16, 'like'),
(12, 17, 'like'),
(12, 19, 'like'),
(12, 22, 'like'),
(12, 25, 'like'),
(12, 28, 'like'),
(12, 29, 'like'),
(12, 30, 'like'),
(12, 31, 'like'),
(12, 34, 'like'),
(12, 35, 'like'),
(12, 36, 'like'),
(12, 37, 'like'),
(12, 40, 'like'),
(12, 42, 'like'),
(12, 44, 'like'),
(12, 45, 'like'),
(12, 46, 'like'),
(12, 50, 'like'),
(12, 51, 'like'),
(12, 52, 'like'),
(12, 53, 'like'),
(12, 55, 'like'),
(12, 56, 'like'),
(12, 57, 'like'),
(12, 60, 'like'),
(12, 61, 'like'),
(12, 62, 'like'),
(12, 66, 'like'),
(12, 67, 'like'),
(12, 74, 'like'),
(12, 75, 'like'),
(12, 76, 'like'),
(12, 77, 'like'),
(12, 78, 'like'),
(12, 79, 'like'),
(12, 80, 'like'),
(12, 82, 'like'),
(12, 83, 'like'),
(12, 84, 'like'),
(12, 86, 'like'),
(12, 89, 'like'),
(12, 90, 'like'),
(12, 92, 'like'),
(12, 93, 'like'),
(12, 94, 'like'),
(12, 96, 'like'),
(12, 101, 'like'),
(12, 103, 'like'),
(12, 105, 'like'),
(12, 106, 'like'),
(12, 108, 'like'),
(12, 109, 'like'),
(12, 111, 'like'),
(12, 112, 'like'),
(12, 114, 'like'),
(12, 116, 'like'),
(12, 117, 'like'),
(12, 119, 'like'),
(12, 122, 'like'),
(12, 123, 'like'),
(12, 127, 'like'),
(12, 131, 'like'),
(12, 132, 'like'),
(12, 134, 'like'),
(12, 135, 'like'),
(12, 138, 'like'),
(12, 146, 'like'),
(12, 148, 'like'),
(12, 149, 'like'),
(12, 154, 'like'),
(12, 155, 'like'),
(12, 157, 'like'),
(12, 160, 'like'),
(12, 165, 'like'),
(12, 167, 'like'),
(12, 168, 'like'),
(12, 170, 'like'),
(12, 174, 'like'),
(12, 177, 'like'),
(12, 178, 'like'),
(12, 180, 'like'),
(12, 183, 'like'),
(12, 184, 'like'),
(12, 185, 'like'),
(12, 186, 'like'),
(12, 188, 'like'),
(12, 192, 'like'),
(12, 193, 'like'),
(12, 194, 'like'),
(12, 199, 'like'),
(12, 200, 'like'),
(13, 3, 'like'),
(13, 5, 'like'),
(13, 7, 'like'),
(13, 8, 'like'),
(13, 10, 'like'),
(13, 11, 'like'),
(13, 12, 'like'),
(13, 14, 'like'),
(13, 15, 'like'),
(13, 19, 'like'),
(13, 21, 'like'),
(13, 23, 'like'),
(13, 24, 'like'),
(13, 27, 'like'),
(13, 29, 'like'),
(13, 35, 'like'),
(13, 38, 'like'),
(13, 40, 'like'),
(13, 43, 'like'),
(13, 44, 'like'),
(13, 45, 'like'),
(13, 50, 'like'),
(13, 54, 'like'),
(13, 55, 'like'),
(13, 56, 'like'),
(13, 58, 'like'),
(13, 60, 'like'),
(13, 61, 'like'),
(13, 64, 'like'),
(13, 66, 'like'),
(13, 67, 'like'),
(13, 68, 'like'),
(13, 70, 'like'),
(13, 71, 'like'),
(13, 72, 'like'),
(13, 76, 'like'),
(13, 77, 'like'),
(13, 78, 'like'),
(13, 79, 'like'),
(13, 80, 'like'),
(13, 82, 'like'),
(13, 84, 'like'),
(13, 85, 'like'),
(13, 87, 'like'),
(13, 88, 'like'),
(13, 89, 'like'),
(13, 91, 'like'),
(13, 92, 'like'),
(13, 93, 'like'),
(13, 94, 'like'),
(13, 95, 'like'),
(13, 96, 'like'),
(13, 97, 'like'),
(13, 98, 'like'),
(13, 99, 'like'),
(13, 100, 'like'),
(13, 104, 'like'),
(13, 107, 'like'),
(13, 108, 'like'),
(13, 110, 'like'),
(13, 111, 'like'),
(13, 112, 'like'),
(13, 113, 'like'),
(13, 114, 'like'),
(13, 115, 'like'),
(13, 116, 'like'),
(13, 118, 'like'),
(13, 120, 'like'),
(13, 122, 'like'),
(13, 123, 'like'),
(13, 133, 'like'),
(13, 135, 'like'),
(13, 137, 'like'),
(13, 140, 'like'),
(13, 141, 'like'),
(13, 143, 'like'),
(13, 144, 'like'),
(13, 147, 'like'),
(13, 148, 'like'),
(13, 149, 'like'),
(13, 150, 'like'),
(13, 152, 'like'),
(13, 153, 'like'),
(13, 154, 'like'),
(13, 155, 'like'),
(13, 157, 'like'),
(13, 159, 'like'),
(13, 162, 'like'),
(13, 163, 'like'),
(13, 166, 'like'),
(13, 167, 'like'),
(13, 168, 'like'),
(13, 169, 'like'),
(13, 174, 'like'),
(13, 178, 'like'),
(13, 181, 'like'),
(13, 184, 'like'),
(13, 185, 'like'),
(13, 190, 'like'),
(13, 191, 'like'),
(13, 195, 'like'),
(13, 197, 'like'),
(13, 198, 'like'),
(14, 2, 'like'),
(14, 6, 'like'),
(14, 10, 'like'),
(14, 12, 'like'),
(14, 13, 'like'),
(14, 14, 'like'),
(14, 15, 'like'),
(14, 16, 'like'),
(14, 17, 'like'),
(14, 18, 'like'),
(14, 19, 'like'),
(14, 21, 'like'),
(14, 23, 'like'),
(14, 24, 'like'),
(14, 25, 'like'),
(14, 26, 'like'),
(14, 30, 'like'),
(14, 32, 'like'),
(14, 34, 'like'),
(14, 37, 'like'),
(14, 38, 'like'),
(14, 43, 'like'),
(14, 46, 'like'),
(14, 48, 'like'),
(14, 49, 'like'),
(14, 51, 'like'),
(14, 52, 'like'),
(14, 53, 'like'),
(14, 54, 'like'),
(14, 56, 'like'),
(14, 58, 'like'),
(14, 59, 'like'),
(14, 61, 'like'),
(14, 62, 'like'),
(14, 63, 'like'),
(14, 64, 'like'),
(14, 65, 'like'),
(14, 66, 'like'),
(14, 68, 'like'),
(14, 70, 'like'),
(14, 72, 'like'),
(14, 73, 'like'),
(14, 75, 'like'),
(14, 80, 'like'),
(14, 81, 'like'),
(14, 82, 'like'),
(14, 84, 'like'),
(14, 85, 'like'),
(14, 86, 'like'),
(14, 87, 'like'),
(14, 89, 'like'),
(14, 94, 'like'),
(14, 95, 'like'),
(14, 99, 'like'),
(14, 101, 'like'),
(14, 103, 'like'),
(14, 105, 'like'),
(14, 109, 'like'),
(14, 111, 'like'),
(14, 118, 'like'),
(14, 119, 'like'),
(14, 120, 'like'),
(14, 123, 'like'),
(14, 124, 'like'),
(14, 126, 'like'),
(14, 127, 'like'),
(14, 129, 'like'),
(14, 131, 'like'),
(14, 132, 'like'),
(14, 134, 'like'),
(14, 135, 'like'),
(14, 136, 'like'),
(14, 138, 'like'),
(14, 139, 'like'),
(14, 142, 'like'),
(14, 144, 'like'),
(14, 145, 'like'),
(14, 146, 'like'),
(14, 147, 'like'),
(14, 150, 'like'),
(14, 151, 'like'),
(14, 152, 'like'),
(14, 156, 'like'),
(14, 158, 'like'),
(14, 159, 'like'),
(14, 160, 'like'),
(14, 161, 'like'),
(14, 162, 'like'),
(14, 167, 'like'),
(14, 168, 'like'),
(14, 171, 'like'),
(14, 172, 'like'),
(14, 174, 'like'),
(14, 175, 'like'),
(14, 176, 'like'),
(14, 177, 'like'),
(14, 180, 'like'),
(14, 181, 'like'),
(14, 182, 'like'),
(14, 183, 'like'),
(14, 186, 'like'),
(14, 187, 'like'),
(14, 189, 'like'),
(14, 190, 'like'),
(14, 193, 'like'),
(14, 195, 'like'),
(14, 196, 'like'),
(14, 197, 'like'),
(14, 198, 'like'),
(14, 200, 'like'),
(15, 2, 'like'),
(15, 3, 'like'),
(15, 4, 'like'),
(15, 6, 'like'),
(15, 9, 'like'),
(15, 12, 'like'),
(15, 13, 'like'),
(15, 15, 'like'),
(15, 16, 'like'),
(15, 18, 'like'),
(15, 19, 'like'),
(15, 20, 'like'),
(15, 24, 'like'),
(15, 25, 'like'),
(15, 28, 'like'),
(15, 30, 'like'),
(15, 31, 'like'),
(15, 33, 'like'),
(15, 36, 'like'),
(15, 39, 'like'),
(15, 40, 'like'),
(15, 42, 'like'),
(15, 44, 'like'),
(15, 45, 'like'),
(15, 46, 'like'),
(15, 47, 'like'),
(15, 48, 'like'),
(15, 51, 'like'),
(15, 52, 'like'),
(15, 53, 'like'),
(15, 57, 'like'),
(15, 59, 'like'),
(15, 60, 'like'),
(15, 62, 'like'),
(15, 63, 'like'),
(15, 67, 'like'),
(15, 68, 'like'),
(15, 69, 'like'),
(15, 71, 'like'),
(15, 72, 'like'),
(15, 73, 'like'),
(15, 74, 'like'),
(15, 75, 'like'),
(15, 81, 'like'),
(15, 86, 'like'),
(15, 88, 'like'),
(15, 90, 'like'),
(15, 91, 'like'),
(15, 92, 'like'),
(15, 94, 'like'),
(15, 95, 'like'),
(15, 98, 'like'),
(15, 103, 'like'),
(15, 106, 'like'),
(15, 110, 'like'),
(15, 111, 'like'),
(15, 113, 'like'),
(15, 114, 'like'),
(15, 115, 'like'),
(15, 118, 'like'),
(15, 121, 'like'),
(15, 128, 'like'),
(15, 129, 'like'),
(15, 130, 'like'),
(15, 133, 'like'),
(15, 135, 'like'),
(15, 136, 'like'),
(15, 137, 'like'),
(15, 138, 'like'),
(15, 139, 'like'),
(15, 141, 'like'),
(15, 143, 'like'),
(15, 144, 'like'),
(15, 145, 'like'),
(15, 146, 'like'),
(15, 148, 'like'),
(15, 149, 'like'),
(15, 150, 'like'),
(15, 151, 'like'),
(15, 157, 'like'),
(15, 159, 'like'),
(15, 162, 'like'),
(15, 163, 'like'),
(15, 164, 'like'),
(15, 165, 'like'),
(15, 169, 'like'),
(15, 170, 'like'),
(15, 171, 'like'),
(15, 173, 'like'),
(15, 174, 'like'),
(15, 175, 'like'),
(15, 177, 'like'),
(15, 185, 'like'),
(15, 189, 'like'),
(15, 190, 'like'),
(15, 192, 'like'),
(15, 193, 'like'),
(15, 195, 'like'),
(15, 196, 'like'),
(15, 197, 'like'),
(15, 198, 'like'),
(15, 199, 'like'),
(16, 1, 'like'),
(16, 3, 'like'),
(16, 4, 'like'),
(16, 5, 'like'),
(16, 6, 'like'),
(16, 7, 'like'),
(16, 9, 'like'),
(16, 12, 'like'),
(16, 13, 'like'),
(16, 15, 'like'),
(16, 18, 'like'),
(16, 19, 'like'),
(16, 20, 'like'),
(16, 21, 'like'),
(16, 22, 'like'),
(16, 24, 'like'),
(16, 29, 'like'),
(16, 33, 'like'),
(16, 37, 'like'),
(16, 40, 'like'),
(16, 42, 'like'),
(16, 43, 'like'),
(16, 46, 'like'),
(16, 52, 'like'),
(16, 55, 'like'),
(16, 56, 'like'),
(16, 58, 'like'),
(16, 62, 'like'),
(16, 63, 'like'),
(16, 65, 'like'),
(16, 66, 'like'),
(16, 67, 'like'),
(16, 68, 'like'),
(16, 71, 'like'),
(16, 76, 'like'),
(16, 79, 'like'),
(16, 82, 'like'),
(16, 86, 'like'),
(16, 87, 'like'),
(16, 91, 'like'),
(16, 96, 'like'),
(16, 99, 'like'),
(16, 101, 'like'),
(16, 106, 'like'),
(16, 107, 'like'),
(16, 108, 'like'),
(16, 109, 'like'),
(16, 112, 'like'),
(16, 113, 'like'),
(16, 114, 'like'),
(16, 115, 'like'),
(16, 119, 'like'),
(16, 120, 'like'),
(16, 122, 'like'),
(16, 129, 'like'),
(16, 130, 'like'),
(16, 132, 'like'),
(16, 138, 'like'),
(16, 141, 'like'),
(16, 142, 'like'),
(16, 143, 'like'),
(16, 146, 'like'),
(16, 150, 'like'),
(16, 152, 'like'),
(16, 153, 'like'),
(16, 157, 'like'),
(16, 162, 'like'),
(16, 164, 'like'),
(16, 167, 'like'),
(16, 171, 'like'),
(16, 175, 'like'),
(16, 176, 'like'),
(16, 179, 'like'),
(16, 181, 'like'),
(16, 182, 'like'),
(16, 184, 'like'),
(16, 186, 'like'),
(16, 187, 'like'),
(16, 188, 'like'),
(16, 189, 'like'),
(16, 191, 'like'),
(16, 192, 'like'),
(16, 193, 'like'),
(16, 196, 'like'),
(17, 5, 'like'),
(17, 6, 'like'),
(17, 13, 'like'),
(17, 14, 'like'),
(17, 17, 'like'),
(17, 18, 'like'),
(17, 20, 'like'),
(17, 21, 'like'),
(17, 22, 'like'),
(17, 24, 'like'),
(17, 25, 'like'),
(17, 30, 'like'),
(17, 31, 'like'),
(17, 32, 'like'),
(17, 34, 'like'),
(17, 35, 'like'),
(17, 36, 'like'),
(17, 37, 'like'),
(17, 38, 'like'),
(17, 40, 'like'),
(17, 42, 'like'),
(17, 46, 'like'),
(17, 47, 'like'),
(17, 48, 'like'),
(17, 50, 'like'),
(17, 51, 'like'),
(17, 52, 'like'),
(17, 55, 'like'),
(17, 58, 'like'),
(17, 62, 'like'),
(17, 64, 'like'),
(17, 65, 'like'),
(17, 66, 'like'),
(17, 68, 'like'),
(17, 69, 'like'),
(17, 72, 'like'),
(17, 75, 'like'),
(17, 77, 'like'),
(17, 78, 'like'),
(17, 82, 'like'),
(17, 83, 'like'),
(17, 85, 'like'),
(17, 86, 'like'),
(17, 87, 'like'),
(17, 88, 'like'),
(17, 89, 'like'),
(17, 93, 'like'),
(17, 97, 'like'),
(17, 98, 'like'),
(17, 99, 'like'),
(17, 100, 'like'),
(17, 101, 'like'),
(17, 102, 'like'),
(17, 103, 'like'),
(17, 104, 'like'),
(17, 108, 'like'),
(17, 110, 'like'),
(17, 111, 'like'),
(17, 112, 'like'),
(17, 116, 'like'),
(17, 119, 'like'),
(17, 123, 'like'),
(17, 126, 'like'),
(17, 128, 'like'),
(17, 129, 'like'),
(17, 130, 'like'),
(17, 131, 'like'),
(17, 135, 'like'),
(17, 136, 'like'),
(17, 137, 'like'),
(17, 140, 'like'),
(17, 141, 'like'),
(17, 142, 'like'),
(17, 147, 'like'),
(17, 149, 'like'),
(17, 150, 'like'),
(17, 151, 'like'),
(17, 153, 'like'),
(17, 154, 'like'),
(17, 155, 'like'),
(17, 156, 'like'),
(17, 159, 'like'),
(17, 161, 'like'),
(17, 162, 'like'),
(17, 163, 'like'),
(17, 165, 'like'),
(17, 166, 'like'),
(17, 167, 'like'),
(17, 168, 'like'),
(17, 170, 'like'),
(17, 171, 'like'),
(17, 172, 'like'),
(17, 173, 'like'),
(17, 174, 'like'),
(17, 175, 'like'),
(17, 176, 'like'),
(17, 177, 'like'),
(17, 178, 'like'),
(17, 179, 'like'),
(17, 180, 'like'),
(17, 182, 'like'),
(17, 184, 'like'),
(17, 186, 'like'),
(17, 187, 'like'),
(17, 190, 'like'),
(17, 191, 'like'),
(17, 192, 'like'),
(17, 194, 'like'),
(17, 195, 'like'),
(17, 196, 'like'),
(17, 197, 'like'),
(17, 198, 'like'),
(17, 200, 'like'),
(18, 1, 'like'),
(18, 2, 'like'),
(18, 4, 'like'),
(18, 5, 'like'),
(18, 7, 'like'),
(18, 8, 'like'),
(18, 10, 'like'),
(18, 12, 'like'),
(18, 14, 'like'),
(18, 15, 'like'),
(18, 16, 'like'),
(18, 17, 'like'),
(18, 18, 'like'),
(18, 20, 'like'),
(18, 22, 'like'),
(18, 23, 'like'),
(18, 26, 'like'),
(18, 27, 'like'),
(18, 30, 'like'),
(18, 32, 'like'),
(18, 33, 'like'),
(18, 34, 'like'),
(18, 37, 'like'),
(18, 41, 'like'),
(18, 53, 'like'),
(18, 54, 'like'),
(18, 61, 'like'),
(18, 72, 'like'),
(18, 75, 'like'),
(18, 76, 'like'),
(18, 80, 'like'),
(18, 81, 'like'),
(18, 84, 'like'),
(18, 87, 'like'),
(18, 90, 'like'),
(18, 91, 'like'),
(18, 93, 'like'),
(18, 94, 'like'),
(18, 100, 'like'),
(18, 104, 'like'),
(18, 105, 'like'),
(18, 107, 'like'),
(18, 111, 'like'),
(18, 112, 'like'),
(18, 113, 'like'),
(18, 114, 'like'),
(18, 116, 'like'),
(18, 119, 'like'),
(18, 121, 'like'),
(18, 124, 'like'),
(18, 132, 'like'),
(18, 133, 'like'),
(18, 134, 'like'),
(18, 137, 'like'),
(18, 139, 'like'),
(18, 141, 'like'),
(18, 142, 'like'),
(18, 148, 'like'),
(18, 150, 'like'),
(18, 154, 'like'),
(18, 158, 'like'),
(18, 163, 'like'),
(18, 164, 'like'),
(18, 166, 'like'),
(18, 170, 'like'),
(18, 171, 'like'),
(18, 173, 'like'),
(18, 174, 'like'),
(18, 175, 'like'),
(18, 178, 'like'),
(18, 179, 'like'),
(18, 183, 'like'),
(18, 188, 'like'),
(18, 189, 'like'),
(18, 196, 'like'),
(18, 198, 'like'),
(18, 200, 'like'),
(19, 6, 'like'),
(19, 7, 'like'),
(19, 9, 'like'),
(19, 11, 'like'),
(19, 14, 'like'),
(19, 15, 'like'),
(19, 18, 'like'),
(19, 19, 'like'),
(19, 20, 'like'),
(19, 21, 'like'),
(19, 22, 'like'),
(19, 24, 'like'),
(19, 25, 'like'),
(19, 26, 'like'),
(19, 30, 'like'),
(19, 31, 'like'),
(19, 32, 'like'),
(19, 33, 'like'),
(19, 36, 'like'),
(19, 39, 'like'),
(19, 44, 'like'),
(19, 45, 'like'),
(19, 46, 'like'),
(19, 48, 'like'),
(19, 49, 'like'),
(19, 52, 'like'),
(19, 53, 'like'),
(19, 54, 'like'),
(19, 55, 'like'),
(19, 56, 'like'),
(19, 58, 'like'),
(19, 61, 'like'),
(19, 63, 'like'),
(19, 67, 'like'),
(19, 69, 'like'),
(19, 70, 'like'),
(19, 71, 'like'),
(19, 73, 'like'),
(19, 74, 'like'),
(19, 76, 'like'),
(19, 77, 'like'),
(19, 78, 'like'),
(19, 80, 'like'),
(19, 82, 'like'),
(19, 83, 'like'),
(19, 88, 'like'),
(19, 90, 'like'),
(19, 91, 'like'),
(19, 92, 'like'),
(19, 95, 'like'),
(19, 96, 'like'),
(19, 98, 'like'),
(19, 101, 'like'),
(19, 103, 'like'),
(19, 104, 'like'),
(19, 107, 'like'),
(19, 108, 'like'),
(19, 110, 'like'),
(19, 113, 'like'),
(19, 116, 'like'),
(19, 117, 'like'),
(19, 118, 'like'),
(19, 119, 'like'),
(19, 120, 'like'),
(19, 122, 'like'),
(19, 125, 'like'),
(19, 126, 'like'),
(19, 128, 'like'),
(19, 131, 'like'),
(19, 132, 'like'),
(19, 135, 'like'),
(19, 136, 'like'),
(19, 137, 'like'),
(19, 145, 'like'),
(19, 147, 'like'),
(19, 149, 'like'),
(19, 151, 'like'),
(19, 153, 'like'),
(19, 156, 'like'),
(19, 157, 'like'),
(19, 159, 'like'),
(19, 160, 'like'),
(19, 161, 'like'),
(19, 163, 'like'),
(19, 165, 'like'),
(19, 168, 'like'),
(19, 170, 'like'),
(19, 174, 'like'),
(19, 175, 'like'),
(19, 176, 'like'),
(19, 178, 'like'),
(19, 180, 'like'),
(19, 183, 'like'),
(19, 185, 'like'),
(19, 186, 'like'),
(19, 190, 'like'),
(19, 191, 'like'),
(19, 193, 'like'),
(19, 194, 'like'),
(19, 195, 'like'),
(19, 198, 'like'),
(19, 199, 'like'),
(20, 8, 'like'),
(20, 10, 'like'),
(20, 12, 'like'),
(20, 13, 'like'),
(20, 14, 'like'),
(20, 21, 'like'),
(20, 22, 'like'),
(20, 23, 'like'),
(20, 27, 'like'),
(20, 28, 'like'),
(20, 29, 'like'),
(20, 30, 'like'),
(20, 37, 'like'),
(20, 39, 'like'),
(20, 40, 'like'),
(20, 41, 'like'),
(20, 43, 'like'),
(20, 45, 'like'),
(20, 47, 'like'),
(20, 50, 'like'),
(20, 54, 'like'),
(20, 56, 'like'),
(20, 58, 'like'),
(20, 59, 'like'),
(20, 61, 'like'),
(20, 67, 'like'),
(20, 69, 'like'),
(20, 74, 'like'),
(20, 79, 'like'),
(20, 80, 'like'),
(20, 81, 'like'),
(20, 83, 'like'),
(20, 85, 'like'),
(20, 87, 'like'),
(20, 90, 'like'),
(20, 91, 'like'),
(20, 92, 'like'),
(20, 96, 'like'),
(20, 103, 'like'),
(20, 104, 'like'),
(20, 105, 'like'),
(20, 106, 'like'),
(20, 109, 'like'),
(20, 112, 'like'),
(20, 115, 'like'),
(20, 116, 'like'),
(20, 117, 'like'),
(20, 118, 'like'),
(20, 120, 'like'),
(20, 122, 'like'),
(20, 124, 'like'),
(20, 125, 'like'),
(20, 126, 'like'),
(20, 127, 'like'),
(20, 129, 'like'),
(20, 130, 'like'),
(20, 133, 'like'),
(20, 137, 'like'),
(20, 138, 'like'),
(20, 139, 'like'),
(20, 144, 'like'),
(20, 146, 'like'),
(20, 147, 'like'),
(20, 150, 'like'),
(20, 152, 'like'),
(20, 155, 'like'),
(20, 156, 'like'),
(20, 157, 'like'),
(20, 158, 'like'),
(20, 160, 'like'),
(20, 163, 'like'),
(20, 165, 'like'),
(20, 166, 'like'),
(20, 169, 'like'),
(20, 170, 'like'),
(20, 172, 'like'),
(20, 173, 'like'),
(20, 174, 'like'),
(20, 175, 'like'),
(20, 178, 'like'),
(20, 180, 'like'),
(20, 182, 'like'),
(20, 183, 'like'),
(20, 185, 'like'),
(20, 186, 'like'),
(20, 188, 'like'),
(20, 190, 'like'),
(20, 193, 'like'),
(20, 194, 'like'),
(20, 195, 'like'),
(20, 196, 'like'),
(20, 197, 'like');

-- --------------------------------------------------------

--
-- Structure de la table `reports`
--

DROP TABLE IF EXISTS `reports`;
CREATE TABLE IF NOT EXISTS `reports` (
  `user_id` int NOT NULL,
  `post_id` int NOT NULL,
  `reason` varchar(50) NOT NULL,
  UNIQUE KEY `user_id` (`user_id`,`post_id`),
  KEY `post_id` (`post_id`)
) ENGINE=InnoDB DEFAULT CHARSET=utf8mb4 COLLATE=utf8mb4_0900_ai_ci;

--
-- Déchargement des données de la table `reports`
--

INSERT INTO `reports` (`user_id`, `post_id`, `reason`) VALUES
(4, 109, 'testttttt'),
(6, 136, 'testttttt'),
(9, 76, 'testttttt'),
(9, 155, 'testttttt'),
(12, 123, 'testttttt'),
(12, 165, 'testttttt'),
(13, 29, 'test'),
(13, 45, 'test'),
(16, 49, 'testttttt');

-- --------------------------------------------------------

--
-- Structure de la table `users`
--

DROP TABLE IF EXISTS `users`;
CREATE TABLE IF NOT EXISTS `users` (
  `id` int NOT NULL AUTO_INCREMENT,
  `username` varchar(50) NOT NULL,
  `first_name` varchar(50) NOT NULL,
  `last_name` varchar(50) NOT NULL,
  `email` varchar(50) NOT NULL,
  PRIMARY KEY (`id`)
) ENGINE=InnoDB AUTO_INCREMENT=21 DEFAULT CHARSET=utf8mb4 COLLATE=utf8mb4_0900_ai_ci;

--
-- Déchargement des données de la table `users`
--

INSERT INTO `users` (`id`, `username`, `first_name`, `last_name`, `email`) VALUES
(1, 'Shelly Okuneva', 'Levi', 'Kohler', 'Magali45@yahoo.com'),
(2, 'Constance Crooks', 'Gus', 'McKenzie', 'Jarrell.Pollich@gmail.com'),
(3, 'Darin Ryan', 'Vincenzo', 'Bogisich', 'Burley.Quitzon@hotmail.com'),
(4, 'Leona Gusikowski', 'Kattie', 'Muller', 'Burnice.Cummings79@hotmail.com'),
(5, 'Willie Johnson', 'Blanche', 'Legros', 'Grayce.Balistreri@yahoo.com'),
(6, 'Woodrow McCullough', 'Jalon', 'Stoltenberg', 'Kenna51@yahoo.com'),
(7, 'Tara McLaughlin', 'Clemmie', 'Haag', 'Schuyler76@gmail.com'),
(8, 'Gerald Ledner', 'Elmore', 'Hand', 'Adriana.McClure99@yahoo.com'),
(9, 'Bonnie Auer', 'Ressie', 'Hodkiewicz', 'Gwen_Tremblay@hotmail.com'),
(10, 'Caroline Hettinger', 'Chance', 'Borer', 'Keshawn_Schultz@gmail.com'),
(11, 'Roy Rolfson', 'Lessie', 'Lebsack', 'Sandra_Grant@hotmail.com'),
(12, 'Tracy Littel', 'Eva', 'Zemlak', 'Agustina.Bins@hotmail.com'),
(13, 'Becky Renner', 'Kelley', 'Vandervort', 'Broderick7@yahoo.com'),
(14, 'Jordan Langworth', 'Sister', 'Brekke', 'Danika.Jacobi@gmail.com'),
(15, 'Janice Douglas', 'Tatum', 'Russel', 'Al_Walker35@gmail.com'),
(16, 'Irving Kunze', 'Estella', 'Wiza', 'Enrico46@yahoo.com'),
(17, 'Kellie Borer', 'Andy', 'Leuschke', 'Lillian_Rolfson18@yahoo.com'),
(18, 'Bob Beier Jr.', 'Keyshawn', 'Larkin', 'Adelia1@gmail.com'),
(19, 'Bertha Crooks', 'Rey', 'Runte', 'Rolando.Zemlak73@yahoo.com'),
(20, 'Mr. Edmond Ernser', 'Obie', 'Harber', 'Gordon_Larkin@yahoo.com');

--
-- Contraintes pour les tables déchargées
--

--
-- Contraintes pour la table `posts`
--
ALTER TABLE `posts`
  ADD CONSTRAINT `posts_ibfk_1` FOREIGN KEY (`user_id`) REFERENCES `users` (`id`) ON DELETE RESTRICT ON UPDATE CASCADE;

--
-- Contraintes pour la table `reactions`
--
ALTER TABLE `reactions`
  ADD CONSTRAINT `reactions_ibfk_1` FOREIGN KEY (`post_id`) REFERENCES `posts` (`id`) ON DELETE CASCADE ON UPDATE CASCADE,
  ADD CONSTRAINT `reactions_ibfk_2` FOREIGN KEY (`user_id`) REFERENCES `users` (`id`) ON DELETE CASCADE ON UPDATE CASCADE;

--
-- Contraintes pour la table `reports`
--
ALTER TABLE `reports`
  ADD CONSTRAINT `reports_ibfk_1` FOREIGN KEY (`post_id`) REFERENCES `posts` (`id`) ON DELETE CASCADE ON UPDATE CASCADE,
  ADD CONSTRAINT `reports_ibfk_2` FOREIGN KEY (`user_id`) REFERENCES `users` (`id`) ON DELETE CASCADE ON UPDATE CASCADE;
COMMIT;

/*!40101 SET CHARACTER_SET_CLIENT=@OLD_CHARACTER_SET_CLIENT */;
/*!40101 SET CHARACTER_SET_RESULTS=@OLD_CHARACTER_SET_RESULTS */;
/*!40101 SET COLLATION_CONNECTION=@OLD_COLLATION_CONNECTION */;
